New South Wales,North Coast,
New South Wales,Central Coast,
New South Wales,South Coast,
New South Wales,Northern Tablelands,
New South Wales,Central Tablelands,
New South Wales,Southern Tablelands,
New South Wales,North Western Slopes,
New South Wales,Central Western Slopes,
New South Wales,South Western Slopes,
New South Wales,North Western Plains,
New South Wales,South Western Plains,
New South Wales,North Far Western Plains,
New South Wales,South Far Western Plains,
New South Wales,Lord Howe Island,