Australia,New South Wales,
Australia,South Australia,
Australia,Western Australia,
Australia,Tasmania,
Australia,Queensland,
Australia,Victoria,
Australia,Northern Territory,
Australia,Australian Capital Territory,
South Africa,Eastern Cape,
South Africa,Free State,
South Africa,Gauteng,
South Africa,KwaZulu-Natal,
South Africa,Limpopo,
South Africa,Mpumalanga,
South Africa,North West,
South Africa,Northern Cape,
South Africa,Western Cape,
United States,Alabama,
United States,Alaska,
United States,Arizona,
United States,Arkansas,
United States,California,
United States,Colorado,
United States,Connecticut,
United States,Delaware,
United States,District of Columbia,
United States,Florida,
United States,Georgia,
United States,Hawaii,
United States,Idaho,
United States,Illinois,
United States,Indiana,
United States,Iowa,
United States,Kansas,
United States,Kentucky,
United States,Louisiana,
United States,Maine,
United States,Maryland,
United States,Massachusetts,
United States,Michigan,
United States,Minnesota,
United States,Mississippi,
United States,Missouri,
United States,Montana,
United States,Nebraska,
United States,Nevada,
United States,New Hampshire,
United States,New Jersey,
United States,New Mexico,
United States,New York,
United States,North Carolina,
United States,North Dakota,
United States,Ohio,
United States,Oklahoma,
United States,Oregon,
United States,Pennsylvania,
United States,Rhode Island,
United States,South Carolina,
United States,South Dakota,
United States,Tennessee,
United States,Texas,
United States,Utah,
United States,Vermont,
United States,Virginia,
United States,Washington,
United States,West Virginia,
United States,Wisconsin,
United States,Wyoming,
Brazil,Acre,
Brazil,Alagoas,
Brazil,Amapá,
Brazil,Amazonas,
Brazil,Bahia,
Brazil,Ceará,
Brazil,Distrito Federal,
Brazil,Espírito Santo,
Brazil,Goiás,
Brazil,Maranhão,
Brazil,Mato Grosso,
Brazil,Mato Grosso do Sul,
Brazil,Minas Gerais,
Brazil,Pará,
Brazil,Paraíba,
Brazil,Paraná,
Brazil,Pernambuco,
Brazil,Piauí,
Brazil,Rio de Janeiro,
Brazil,Rio Grande do Norte,
Brazil,Rio Grande do Sul,
Brazil,Rondônia,
Brazil,Roraima,
Brazil,Santa Catarina,
Brazil,São Paulo,
Brazil,Sergipe,
Brazil,Tocantins